Word,Count
minulla,0
tämä,0
minä,0
jussi,0
onko,0
tänään,0
missä,0
koira,0
paljon,0
mutta,0
emmi,0
language,0
menee,0
kuin,0
saisinko,0
kahvia,0
liisa,0
time,0
tulee,0
hyvä,0
pidän,0
tämän,0
ruokaa,0
pginil,0
house,0
yksi,0
tässä,0
kiitos,0
vähän,0
ovat,0
mitä,0
hänen,0
kylmä,0
nälkä,0
hisherits,0
what,0
puhekieli,0
seitsemän,0
huomenna,0
äiti,0
että,0
sitten,0
käänny,0
kolme,0
olet,0
lisää,0
sinä,0
partitive,0
hänellä,0
good,0
kuinka,0
olen,0
kirja,0
todella,0
tulen,0
tästä,0
laita,0
myös,0
joka,0
kaksi,0
kyllä,0
ottaa,0
hyvää,0
olla,0
sinulla,0
person,0
which,0
play,0
yhdeksän,0
pitkä,0
lautanen,0
ihmisiä,0
mistä,0
viisi,0
minun,0
herkullista,0
hyvin,0
sataa,0
lunta,0
jonkin,0
mitään,0
minulle,0
hiukset,0
neljä,0
miten,0
adjective,0
kymmenen,0
kirjan,0
mies,0
maitoa,0
pöydälle,0
sininen,0
kirjaa,0
lähellä,0
pöydällä,0
istuu,0
pitää,0
aina,0
nainen,0
soittaa,0
pekka,0
vielä,0
otan,0
tuota,0
sinulle,0
pidä,0
kitaraa,0
tiedä,0
päällä,0
niin,0
sopii,0
koiria,0
kahdeksan,0
laittaa,0
vieressä,0
finnish,0
over,0
watch,0
have,0
vasemmalle,0
päin,0
pöydältä,0
lähtee,0
mennä,0
mustikkapiirakkaa,0
totta,0
tänä,0
vain,0
tehdä,0
salaattia,0
päivä,0
enemmän,0
päivää,0
sinun,0
tyttö,0
sateenvarjo,0
entä,0
eilen,0
tuon,0
helen,0
kuuma,0
siellä,0
täällä,0
siniset,0
kirjastossa,0
pois,0
väri,0
kaukosäädin,0
iltana,0
verran,0
sama,0
käyttää,0
emmillä,0
kello,0
ikkunan,0
ylös,0
päälle,0
televisiota,0
edessä,0
keskellä,0
kaapin,0
sirpa,0
meet,0
sweet,0
room,0
right,0
determiner,0
relative,0
some,0
place,0
like,0
käydä,0
katsella,0
aloitan,0
uuden,0
omenaa,0
maito,0
kylmää,0
kaatui,0
talon,0
haluan,0
lukee,0
luen,0
anteeksi,0
oikealle,0
suomessa,0
koskaan,0
kaappiin,0
ihan,0
kilometriä,0
pihalle,0
vihreää,0
teen,0
aloittaa,0
tiedän,0
kahvista,0
täynnä,0
kissa,0
ainakin,0
väsynyt,0
tule,0
unohda,0
tuntikausia,0
antoi,0
puhelin,0
unohtaa,0
takki,0
antaa,0
mielelläni,0
soitan,0
pianoa,0
harrastaa,0
hetki,0
katson,0
tarvitse,0
kaipaa,0
sateenvarjon,0
ulos,0
pian,0
eipä,0
kestä,0
suomen,0
mukaan,0
kouluun,0
voit,0
vettä,0
kaataa,0
kanssa,0
voisitko,0
menen,0
eläimiä,0
akvaariokaloja,0
vanha,0
yhtään,0
näköinen,0
punaiset,0
kuusi,0
kynttilää,0
itsenäisyyspäivä,0
tulitikut,0
tippuu,0
pipo,0
lumi,0
päästä,0
sisällä,0
poika,0
lähettää,0
vihreä,0
katso,0
pehmeä,0
voin,0
kotiin,0
leluja,0
keittiö,0
takana,0
minnin,0
pöydän,0
lähin,0
järjestää,0
inessive,0
nice,0
quiet,0
rock,0
estonian,0
russian,0
where,0
they,0
here,0
home,0
clock,0
know,0
live,0
think,0
pasty,0
game,0
call,0
instument,0
make,0
yhdeksänkymmentäyhdeksän,0
numero,0
astetta,0
tuntia,0
paikka,0
kiireinen,0
tiinalla,0
uusi,0
onnea,0
valmis,0
rahaa,0
jalkapalloa,0
maalari,0
maalasi,0
oletko,0
nähnyt,0
tiinaa,0
työn,0
sain,0
paikan,0
muki,0
täydellinen,0
sinne,0
matka,0
näkyy,0
puistoon,0
kaapissa,0
kaapista,0
puistossa,0
mielellään,0
kalan,0
heitti,0
takaisin,0
seuraavasta,0
suoraan,0
täältä,0
torilta,0
torille,0
kiven,0
otatko,0
teetä,0
mustaa,0
täytyy,0
saada,0
päivän,0
melko,0
nauttii,0
voitko,0
juon,0
viikolla,0
musta,0
hiukan,0
tätä,0
lasia,0
suomalaista,0
päärynää,0
suomalaiset,0
pulloa,0
aamu,0
ehkä,0
joten,0
jälkeen,0
puhun,0
sinäkö,0
odota,0
takin,0
anna,0
odottaa,0
odotan,0
maiju,0
tulet,0
lämmin,0
junaa,0
lämmintä,0
emmille,0
pelaan,0
sählyä,0
vieläkö,0
luet,0
luin,0
sähly,0
ostan,0
ensi,0
tiedätkö,0
tarkoittaa,0
altaassa,0
nimi,0
monet,0
pelaa,0
hauska,0
aamulla,0
osaan,0
genitive,0
millainen,0
sada,0
sadetta,0
sade,0
alkaa,0
ennuste,0
näyttää,0
perhe,0
katsoo,0
mene,0
syksyllä,0
keittiössä,0
siinä,0
ollut,0
koska,0
keittiötä,0
sinisen,0
tuletko,0
elokuviin,0
elokuvassa,0
elokuvan,0
samalla,0
kirjastosta,0
loistava,0
ajatus,0
syödä,0
haenko,0
käyn,0
uunista,0
kaada,0
vesi,0
jääkaapista,0
yläkerrasta,0
salaatti,0
kakun,0
nähdään,0
kaupassa,0
takista,0
puuttuu,0
romantiikasta,0
toiminnasta,0
pidätkö,0
lähden,0
mustasta,0
hotelli,0
joku,0
elokuvasta,0
kaikki,0
valmista,0
tuolilla,0
mikä,0
television,0
sohvalla,0
haluaisin,0
karkkia,0
kaiken,0
silmät,0
tuleeko,0
bussilla,0
siskolla,0
isoisällä,0
millaisia,0
suloisia,0
pojalla,0
mukavat,0
ruskeat,0
silmä,0
jota,0
yhdessä,0
päivässä,0
omena,0
suurempi,0
punainen,0
liisalla,0
isällä,0
kylmät,0
ryhmä,0
kortti,0
elokuva,0
kauan,0
neljästä,0
koiraa,0
tullut,0
viikossa,0
miksi,0
ikkunalla,0
tarkoitat,0
kynttilä,0
ikkuna,0
itsenäisyyspäivän,0
ikkunalle,0
sytytetään,0
ikkunaa,0
lelu,0
nouse,0
joulukortin,0
oikeasti,0
palaa,0
lautasen,0
ystävälle,0
kohta,0
emmin,0
hauskaa,0
tylsä,0
meillä,0
yleensä,0
koiralla,0
helenille,0
samanlainen,0
tuntuu,0
paketin,0
äidiltä,0
talo,0
lainaa,0
lupa,0
kortin,0
avain,0
edestä,0
eteen,0
pöytä,0
oven,0
yläpuolella,0
ulkopuolella,0
tiina,0
maljakon,0
pilvi,0
auringon,0
hanna,0
puhelimesi,0
jäätelöä,0
nopeasti,0
autoni,0
autonsa,0
huollossa,0
äitini,0
joogaa,0
siivoaa,0
työpöytänsä,0
kokouksen,0
paperit,0
pöydällensä,0
opettaja,0
pojalleni,0
huonon,0
arvosanan,0
vaimonsa,0
sateenvarjonsa,0
nähdä,0
työntekijä,0
insinööri,0
lääkäri,0
thank,0
luck,0
finn,0
with,0
sisu,0
silent,0
singular,0
wrong,0
northern,0
icelandic,0
norwegian,0
danish,0
happy,0
stand,0
fast,0
spanish,0
salad,0
lettuce,0
there,0
still,0
pretty,0
mämmi,0
bottle,0
taste,0
orange,0
color,0
much,0
talk,0
little,0
that,0
adjectiveperson,0
people,0
spoken,0
glögi,0
drink,0
piece,0
another,0
other,0
search,0
rise,0
arise,0
smell,0
question,0
cluck,0
tweet,0
visit,0
spend,0
many,0
whom,0
dish,0
exactly,0
bright,0
white,0
couple,0
peace,0
needs,0
restroom,0
toilet,0
study,0
educational,0
institution,0
listen,0
hence,0
therefore,0
knit,0
full,0
locate,0
located,0
shine,0
soccer,0
football,0
venäjä,0
etsiä,0
viettää,0
katsoa,0
lintuja,0
bring,0
pick,0
enjoy,0
down,0
nolla,0
tunti,0
asiaa,0
tuhat,0
sivua,0
maksaa,0
kaksituhatta,0
dollaria,0
neljätuhattaneljäsataaneljäkymmentä,0
japanin,0
jeniä,0
dollareissa,0
minuuttia,0
yhtäkuin,0
kahdeksantuhatta,0
yhdeksäntuhattaviisisataa,0
sarjaa,0
varmasti,0
oikea,0
ohjelmoija,0
käytti,0
tietokonetta,0
kampaus,0
etsin,0
uutta,0
työtä,0
mielenkiintoinen,0
raha,0
heti,0
maija,0
pojat,0
pelaavat,0
taloa,0
mielenkiintoista,0
tiinan,0
hame,0
kaatoi,0
maitolasin,0
punaiseksi,0
vapaa,0
hyvän,0
äidin,0
isompi,0
isomman,0
mukin,0
myöhässä,0
kääntykää,0
ensin,0
seuraava,0
bussi,0
meille,0
vilkas,0
risteys,0
ajamme,0
oikealla,0
puolella,0
suora,0
taivaalla,0
tähtiä,0
saapuu,0
talossa,0
talosta,0
taloon,0
puistosta,0
järvessä,0
onki,0
järvestä,0
ison,0
järveen,0
nelosen,0
raitiovaunu,0
minne,0
kulmasta,0
liikennevaloista,0
keskustaan,0
pohjoiseen,0
länteen,0
punkaharju,0
itään,0
lönnrotinkatu,0
pihalla,0
pihalta,0
torilla,0
rannalla,0
otti,0
rannalta,0
rannalle,0
millä,0
kadulla,0
teatteri,0
miltä,0
laiturilta,0
juna,0
mille,0
bussipysäkille,0
ruokakaupan,0
kohdalta,0
mannerheimintieltä,0
arkadiankadulle,0
risteyksestä,0
vasemmalta,0
puisto,0
lönnrotinkadulla,0
näkyä,0
sitä,0
keitto,0
unelias,0
raportti,0
valmiiksi,0
yönä,0
kupillisella,0
päivääni,0
ilman,0
join,0
tekee,0
keittoa,0
mustikkaa,0
viedään,0
terveellisyytensä,0
vuoksi,0
moniin,0
maihin,0
muun,0
muassa,0
aasiaan,0
ruoho,0
haluaa,0
suklaakakku,0
pizzaa,0
asianajajalleni,0
laiha,0
mustana,0
kahvipannu,0
liikaa,0
menin,0
hammaslääkärille,0
viime,0
etsii,0
hiirtä,0
mustikkahilloa,0
töitä,0
aamuisin,0
varo,0
sinistä,0
maistaa,0
ihanaa,0
tuoksuvaa,0
kotitekoista,0
päärynä,0
päärynät,0
pienempiä,0
ulkomaiset,0
mukaani,0
pillerinsä,0
ennen,0
aamiaista,0
juodaan,0
missään,0
muualla,0
useimpien,0
omakotitalojen,0
pihassa,0
omenapuu,0
usean,0
lihan,0
syömisen,0
osasi,0
ajatella,0
ainoastaan,0
erityisesti,0
graavilohesta,0
tarvitset,0
suolaa,0
suolaako,0
puen,0
puhelinta,0
laskuasi,0
pari,0
vihaan,0
odottamistasi,0
sinua,0
annettu,0
ansaittu,0
palkkio,0
kolikoita,0
puhelimella,0
ippuhelin,0
toimi,0
vyönsä,0
ettet,0
halua,0
juhliin,0
odottamisesta,0
jouduin,0
odottamaan,0
seuraavaa,0
matkustaja,0
odotti,0
päällesi,0
jotain,0
langaton,0
taas,0
puhelimessa,0
yhden,0
perunan,0
unohdan,0
lasini,0
päänsärkyä,0
postia,0
tulevaksi,0
tulisin,0
uudelleen,0
mahdollista,0
kohti,0
videokameraa,0
tänne,0
soita,0
melkein,0
valmiina,0
harrastat,0
kuusikielinen,0
kitara,0
vuonna,0
kitaran,0
soitatko,0
oppikirja,0
“salibandy”,0
uida,0
lähettäjän,0
paketissa,0
pahoillani,0
osaa,0
lukea,0
nimeäsi,0
soitat,0
oikein,0
rockmuusikot,0
soittavat,0
jääkiekkoa,0
elektroninen,0
vauhdikas,0
laji,0
kilometrin,0
lauantai,0
lehden,0
tennistä,0
pianon,0
osta,0
finlandiaa,0
finlandian,0
lopetan,0
jalkapallon,0
ennustetta,0
tarvitsenko,0
sateenvarjoa,0
paraati,0
säätiedote,0
kauhea,0
harmi,0
putoaa,0
kadulle,0
eilisen,0
sanoi,0
saatamme,0
viikonloppuna,0
neuvoja,0
siltä,0
sateenvarjoasi,0
millaista,0
koulua,0
tavattoman,0
kesäpäivä,0
hyvästä,0
säästä,0
iltapäivällä,0
muuttuu,0
onneksi,0
elokuvaa,0
satoi,0
lyhyen,0
ajanjakson,0
aikana,0
lupaa,0
tarpeellinen,0
millaisesta,0
musiikista,0
pidät,0
helsingissä,0
puhu,0
puolaa,0
etkö,0
maijan,0
serkun,0
nimeä,0
eikö,0
isän,0
aurinkoista,0
mukini,0
kuivauskaapissa,0
siinähän,0
astiankuivauskaappi,0
tietää,0
siitä,0
vaivaa,0
kuivauskaappi,0
lempivärinsä,0
suurimman,0
osan,0
ajasta,0
vaatteet,0
keittiökoneet,0
hyllyköt,0
siistiä,0
tietänyt,0
ravintolan,0
pitkään,0
nimeään,0
asut,0
aurinko,0
laskee,0
meren,0
taakse,0
huomisiltana,0
johtaja,0
siistii,0
siivosin,0
keittiön,0
kokki,0
laittoi,0
emme,0
luultavasti,0
tietämään,0
tavan,0
alkuperää,0
kuka,0
presidentti,0
uudessa,0
woody,0
allen,0
katsoisin,0
peter,0
franzén,0
menet,0
veisitkö,0
kirjeen,0
postilaatikkoon,0
kirjastohuone,0
pöydillä,0
lainaan,0
koiramäkikirjan,0
sehän,0
haluatko,0
jotakin,0
lainata,0
kirjoja,0
cditä,0
dvditä,0
opiskelen,0
lukion,0
oppilaat,0
opiskelivat,0
videovuokraamossa,0
valikoima,0
videovuokraamosta,0
videovuokraamoon,0
kirjastoon,0
kala,0
selvä,0
pastakattilasta,0
voista,0
parantaa,0
makua,0
kaisan,0
koulusta,0
suomalaisessa,0
vesijohtovedessä,0
vähemmän,0
bakteereja,0
pullotetussa,0
vedessä,0
emäntä,0
kovaa,0
yläkerrassa,0
pitäisi,0
lasin,0
omenapiirakan,0
laukusta,0
australiasta,0
vanhasta,0
liivin,0
nappi,0
yläkerta,0
sanot,0
komediasta,0
käykö,0
sählystä,0
jääkiekosta,0
kaipaan,0
toimintaa,0
lenkille,0
komedia,0
huivi,0
hänelle,0
kelpaa,0
paras,0
mansikoista,0
nuori,0
koiranpennuista,0
sanonut,0
sano,0
sanoa,0
aivastaa,0
sanotaan,0
terveydeksi,0
sanoo,0
tomista,0
karkkipussi,0
lyön,0
vetoa,0
nuoremmat,0
sukupolvet,0
eivät,0
vuokraan,0
dvdn,0
kaukoohjain,0
kaukoohjaimen,0
sohva,0
sovi,0
verhojen,0
väriin,0
pussissa,0
reikä,0
pussin,0
keittiönpöytä,0
tuolit,0
laitoin,0
kirjat,0
kukkamaljakko,0
pöydästä,0
ymmärrätkö,0
autolla,0
päivällä,0
illalla,0
lautasella,0
lasissa,0
autossa,0
leivällä,0
voita,0
leivässä,0
siemeniä,0
sekarotuisia,0
sekarotuinen,0
kuuluvat,0
kaukasialaiseen,0
rotuun,0
olemme,0
pahoillamme,0
tummat,0
vauvat,0
punaisia,0
ruoki,0
lemmikkikoira,0
karvainen,0
pieni,0
valkoinen,0
leikkii,0
keltaisella,0
pallolla,0
ruskea,0
rakastan,0
takkuinen,0
juoksee,0
pallon,0
perässä,0
harmaat,0
harmaita,0
hiuksia,0
jääkiekkokortit,0
jääkiekkokortteja,0
kylän,0
alligaattorit,0
alligaattoreita,0
vanhemmat,0
pisamia,0
serkkuja,0
veljeä,0
siskoa,0
sisko,0
saman,0
vihreät,0
menettelytapa,0
vuosi,0
luit,0
kaksikymmentäneljä,0
aste,0
kykloopilla,0
eppu,0
normaali,0
parempi,0
yhtä,0
meksiko,0
belize,0
petrillä,0
mustat,0
hanki,0
silmätippoja,0
kotimatkallasi,0
kulhossa,0
sokeria,0
hätätilanteessa,0
paina,0
punaista,0
nappia,0
maijulla,0
posket,0
iloisen,0
ruskeaa,0
takkia,0
vaaleat,0
jussilla,0
housut,0
pitkät,0
jalat,0
kädet,0
mukit,0
lapset,0
ensimmäinen,0
saapui,0
hämähäkillä,0
jalkaa,0
osti,0
villapuseroa,0
herään,0
isälläni,0
sisarusta,0
kahteen,0
mukiin,0
kertaa,0
lausetta,0
yhdeksässä,0
kissoilla,0
elämää,0
haukkuu,0
neljää,0
poikaa,0
meistä,0
perille,0
kahdeksassa,0
opiskellut,0
suomea,0
kuumetta,0
monta,0
joulukorttia,0
lähetät,0
kuudella,0
tytöllä,0
olutta,0
kymmenessä,0
mukissa,0
lentokone,0
marraskuu,0
kuukaudesta,0
jossa,0
kolmekymmentä,0
koirat,0
seurallisia,0
ihmistä,0
kulmaa,0
neljäkaistainen,0
moottoritie,0
kortista,0
osoite,0
seitsemästä,0
kulhosta,0
kääpiötä,0
sormea,0
söin,0
donitsia,0
näistä,0
kuudesta,0
omenasta,0
piirakan,0
viidellä,0
tyttöä,0
prosenttia,0
lautasta,0
tuolilta,0
tuolillahan,0
kynttilät,0
tuovat,0
tunnelmaa,0
ikkunankehys,0
joulukuun,0
suomeksi,0
putosi,0
kynttilöiden,0
lukumäärä,0
vuosien,0
määrän,0
sulkemassa,0
avaa,0
sulkea,0
taloudenhoitaja,0
puhdisti,0
lattialta,0
laatikosta,0
sohvalta,0
sängystä,0
kaupasta,0
maijulta,0
minulta,0
maitolasi,0
kuudelta,0
nurmikolle,0
päähän,0
peittänyt,0
yöllä,0
luntaa,0
satava,0
maassa,0
metsään,0
kypsät,0
omenat,0
tippuvat,0
maahan,0
pirjon,0
piha,0
hoidettu,0
juoma,0
kätesi,0
talvella,0
ponnistelee,0
pysyäkseen,0
lämpimänä,0
söitkö,0
sinivalkoinen,0
leikkaa,0
nurmikko,0
kauppaan,0
lautaselle,0
lasiin,0
lattialle,0
kulhoon,0
kymmenelle,0
romanttinen,0
kelvannut,0
jussille,0
kävelylle,0
ruoka,0
tylsää,0
menisitkö,0
kanssani,0
kavereiden,0
senttimetriä,0
tyypillistä,0
ollenkaan,0
urheilua,0
tein,0
poikkeuksen,0
suloista,0
koiranpentua,0
katsoi,0
ostin,0
juuri,0
tuumaisen,0
litteän,0
televisionäytön,0
televisio,0
olohuoneessa,0
litteä,0
televisionäyttö,0
televisiosta,0
veitsi,0
varmaan,0
jano,0
mukavaa,0
kurjaa,0
paketti,0
keneltä,0
pehmeältä,0
kaunis,0
villapaita,0
paita,0
tällä,0
turkki,0
hevoset,0
kauniita,0
likaiset,0
paitasi,0
pesukoneeseen,0
otanko,0
vihreän,0
paidan,0
kutoo,0
villapaitaa,0
kylmältä,0
kerro,0
kaukosäädintä,0
kaukana,0
rautatieasema,0
lähetän,0
kaisalle,0
isoäidilleni,0
lapsella,0
lapsi,0
lapselle,0
siirtyy,0
isältä,0
pojalle,0
liisalta,0
pyydä,0
antaako,0
luvan,0
miialla,0
miia,0
saanko,0
miialta,0
turkkilainen,0
saksalaiselta,0
ystävältä,0
japanilaiselle,0
you’re,0
welcome,0
don’t,0
mention,0
toimiston,0
naulakon,0
lehtihylly,0
lehtihyllyssä,0
hyviä,0
lehtiä,0
työntekijät,0
työskentelivät,0
toimistossa,0
nurkassa,0
murjottaa,0
hyllyssä,0
naulakkoon,0
ikkunasta,0
ruokakauppa,0
kampaamon,0
verhot,0
kävelee,0
kiltisti,0
sivulla,0
maljakko,0
alla,0
kulho,0
jari,0
kalle,0
ystäviä,0
sohvan,0
maalaus,0
maalauksen,0
alapuolella,0
valokuvaa,0
kirkon,0
tuossa,0
nurkan,0
naulakko,0
päältä,0
alta,0
alle,0
karkaa,0
sivulta,0
sivulle,0
työtoverisi,0
työpöytäsi,0
unohtanut,0
puhelimensa,0
tähän,0
eikös,0
puhelimeni,0
niinpä,0
onkin,0
papä,0
työtoveri,0
työpöytä,0
jussikin,0
onpa,0
pääsen,0
kahvila,0
työtoverit,0
työpöytäni,0
huoneen,0
posti,0
jonkun,0
minullapa,0
jäätelöpä,0
maistuu,0
hyvältä,0
käveletpä,0
minullakin,0
jäätelökin,0
käveletkin,0
minunkin,0
teidän,0
talonne,0
meidän,0
heidän,0
koiransa,0
koulutettu,0
meneekö,0
poikasi,0
nominative,0
elative,0
illative,0
adessive,0
ablative,0
allative,0
tutustua,0
huomenta,0
iltapäivää,0
iltaa,0
yötä,0
olennimi,0
hyvästi,0
kesäkuu,0
heinäkuu,0
jalkaterä,0
käsivarsi,0
käsi,0
selkä,0
myyjä,0
oclock,0
hello,0
morning,0
afternoon,0
evening,0
this,0
deck,0
prepared,0
101languagesnet,0
night,0
delicious,0
imname,0
goodbye,0
police,0
officer,0
sorry,0
excuse,0
congratulations,0
country,0
land,0
instrument,0
music,0
human,0
being,0
bravo,0
cute,0
adorable,0
wellbehaved,0
himher,0
kind,0
incorrect,0
band,0
cell,0
phone,0
north,0
sámi,0
dane,0
swedish,0
swede,0
questions,0
content,0
jolly,0
laugh,0
sing,0
grow,0
dance,0
quickly,0
bedroom,0
bathroom,0
kitchen,0
cellar,0
basement,0
veranda,0
porch,0
sofa,0
couch,0
comfortable,0
comfy,0
furniture,0
them,0
definite,0
yeah,0
pulla,0
traditional,0
bread,0
correct,0
french,0
japanese,0
english,0
chinese,0
german,0
hungarian,0
korean,0
such,0
exclusive,0
steak,0
patty,0
sauce,0
dressing,0
nonhuman,0
already,0
opera,0
café,0
market,0
square,0
strange,0
weird,0
same,0
rather,0
away,0
close,0
near,0
oops,0
soda,0
cream,0
pudding,0
liter,0
kilogram,0
…coffee,0
yuck,0
hardworking,0
diligent,0
conscientious,0
speak,0
inclusive,0
also,0
well,0
floor,0
type,0
picture,0
painting,0
decorative,0
element,0
roof,0
ceiling,0
paint,0
repair,0
clean,0
tidy,0
dishes,0
grill,0
barbecue,0
realize,0
conjunction,0
canadian,0
american,0
talented,0
gifted,0
long,0
tall,0
knowledge,0
draw,0
read,0
write,0
ride,0
animal,0
usually,0
horse,0
bothand,0
really,0
hush,0
glogg,0
spicy,0
drunk,0
europe,0
slice,0
morsel,0
want,0
something,0
chicken,0
different,0
look,0
wash,0
growl,0
bite,0
kick,0
plural,0
word,0
trouble,0
tititee,0
position,0
seat,0
quite,0
vacation,0
more,0
enough,0
puppy,0
kitten,0
property,0
whowhich,0
least,0
hindi,0
sickness,0
lost,0
auxiliary,0
verb,0
longer,0
anymore,0
never,0
ever,0
although,0
obwohl,0
soil,0
ground,0
creek,0
brook,0
stream,0
stone,0
hiding,0
poisonous,0
venomous,0
whole,0
alive,0
walk,0
smile,0
sniff,0
hear,0
middle,0
true,0
grit,0
love,0
admire,0
miss,0
erwartest,0
cinnamon,0
roll,0
layered,0
cake,0
pastry,0
jelly,0
doughnut,0
lörtsy,0
karelian,0
sima,0
mead,0
delicacy,0
treat,0
salty,0
savory,0
cost,0
melt,0
sell,0
uhoh,0
dear,0
when,0
telling,0
second,0
moment,0
business,0
hurry,0
stopped,0
every,0
even,0
mushroom,0
fungus,0
fortune,0
happiness,0
calm,0
placid,0
leuchtend,0
klar,0
blue,0
hightall,0
humans,0
endung,0
asas,0
continuation,0
sure,0
certain,0
heard,0
nothing,0
e…m…,0
maybe,0
guess,0
power,0
plug,0
meme,0
voice,0
sound,0
quick,0
work,0
funktionieren,0
handeln,0
borrow,0
loan,0
able,0
table,0
tisch,0
plugged,0
check,0
bill,0
mistake,0
error,0
portion,0
fruit,0
consider,0
recommend,0
city,0
center,0
metropolitan,0
rail,0
traffic,0
theatre,0
glasses,0
coat,0
jacket,0
jewelry,0
fitting,0
multicolored,0
colorful,0
help,0
shopping,0
size,0
hope,0
wish,0
notice,0
follow,0
reckon,0
suppose,0
ticket,0
flag,0
pole,0
beanie,0
winter,0
water,0
meds,0
medicine,0
medications,0
packed,0
meal,0
shadow,0
shade,0
complete,0
need,0
bother,0
disturb,0
thing,0
luckily,0
thankfully,0
hockey,0
crosscountry,0
skiing,0
rally,0
driving,0
sportsperson,0
athlete,0
song,0
traveling,0
noun,0
eagle,0
swim,0
drive,0
vehicle,0
hobby,0
groove,0
swing,0
about,0
past,0
ystävä,0
käärme,0
söpö,0
väärin,0
bändi,0
kännykkä,0
venäläinen,0
itkeä,0
sänky,0
teillä,0
heillä,0
tärkeä,0
pyöreä,0
väärä,0
jäätelö,0
älykäs,0
piirtää,0
sekäettä,0
pirtelö,0
leipä,0
syötävä,0
lehmä,0
pöllö,0
pestä,0
nousta,0
yrittää,0
nämä,0
ketkä,0
nykyään,0
eläin,0
nätti,0
ystävällinen,0
pörröinen,0
sillä,0
kenellä,0
kotiikävä,0
eksyä,0
enää,0
metsä,0
järvi,0
elää,0
kävellä,0
hymyillä,0
tyttöystävä,0
poikaystävä,0
sydän,0
ikävä,0
ketä,0
täytekakku,0
myydä,0
iltapäivä,0
myöhä,0
tähti,0
syvä,0
märkä,0
päivänjatko,0
eimitään,0
myöhemmin,0
seinä,0
läppäri,0
ääni,0
pätkiä,0
seinässä,0
päivällinen,0
miettiä,0
näytelmä,0
tyhjä,0
kenkä,0
ostoksilla,0
minkäkokoinen,0
minkävärinen,0
neljäsataa,0
lääkkeet,0
eväät,0
täysi,0
häiritä,0
pesäpallo,0
jääkiekko,0
kotoisin,0
vuotta,0
töissä,0
kuntosalilla,0
pelata,0
työkaveri,0
työpaikka,0
herätä,0
suihkussa,0
niimpä,0
mulle,0
sulle,0
kesä,0
pyöräillä,0
kuunnella,0
mökki,0
kylä,0
kävelyreitti,0
fetapinaattipiirakka,0
leikkiä,0
tarjota,0
kenelle,0
nauttia,0
aikaa,0
kestää,0
tykätä,0
esiintyä,0
aurinkoa,0
päättää,0
kahden,0
hengen,0
huone,0
yöpyä,0
kysyä,0
sytyttää,0
keittää,0
täysin,0
pimeä,0
lentää,0
levätä,0
berliinin,0
muuri,0
pysähtyä,0
uimaallas,0
from,0
years,0
arbeit,0
sein,0
wednesdays,0
give,0
practise,0
normaltypical,0
wake,0
finish,0
train,0
take,0
shower,0
food,0
order,0
mitnehmen,0
hungry,0
delivery,0
sleep,0
bike,0
choose,0
wine,0
continue,0
partly,0
cloudy,0
card,0
fish,0
walking,0
track,0
feta,0
spinish,0
offer,0
start,0
intransitive,0
last,0
dauern,0
perform,0
book,0
reserve,0
sunbathe,0
invite,0
decide,0
checkin,0
parking,0
space,0
free,0
charge,0
gratis,0
organize,0
stay,0
bake,0
midsummer,0
carry,0
arrive,0
light,0
fire,0
boil,0
prepare,0
next,0
untergehen,0
sonne,0
rest,0
participate,0
berlin,0
wall,0
stop,0
gallery,0
hell,0
lichtdurchflutet,0
paula,0
juho,0
viikko,0
96square,0
week,0
year,0
today,0
huominen,0
tomorrow,0
yesterday,0
kalenteri,0
calendar,0
sekunti,0
hour,0
minuutti,0
minute,0
voida,0
tulla,0
come,0
nauraa,0
material,0
courtesy,0
href,0
http,0
finnishpod101,0
member,0
small,0
beautiful,0
ruma,0
ugly,0
vaikea,0
difficult,0
helppo,0
easy,0
huono,0
name,0
maanantai,0
monday,0
tiistai,0
tuesday,0
keskiviikko,0
wednesday,0
torstai,0
thursday,0
perjantai,0
friday,0
saturday,0
sunnuntai,0
sunday,0
toukokuu,0
tammikuu,0
january,0
helmikuu,0
february,0
maaliskuu,0
march,0
huhtikuu,0
april,0
june,0
july,0
elokuu,0
august,0
syyskuu,0
september,0
lokakuu,0
october,0
november,0
joulukuu,0
december,0
zero,0
three,0
four,0
five,0
seven,0
eight,0
nine,0
kahvi,0
coffee,0
olut,0
beer,0
viini,0
naudanliha,0
beef,0
porsas,0
pork,0
kana,0
lammas,0
lamb,0
foot,0
jalka,0
head,0
hand,0
sormi,0
finger,0
vartalo,0
body,0
vatsa,0
stomach,0
back,0
rinta,0
chest,0
hoitaja,0
nurse,0
employee,0
poliisi,0
cook,0
engineer,0
doctor,0
manager,0
teacher,0
programmer,0
salesman,0
101languages,0
uggc,0
2fjjj,0
svaavfucbq101,0
2fsvaavfu,0
jbeq,0
yvfgf,0
view,0
list,0
online,0
fussole,0
finnische,0
wort,0
bedeutet,0
deutsch,0
zusammengesetztes,0
bestehend,0
zwei,0
teilen,0
varsi,0
stiel,0
oder,0
schaft,0
diesem,0
zusammenhang,0
bezieht,0
sich,0
metaphorisch,0
längeren,0
teil,0
armes,0
wird,0
verwendet,0
menschlichen,0
körpers,0
beschreiben,0
schultergelenk,0
handgelenk,0
erstreckt,0
terve,0
mukava,0
funny,0
tervetuloa,0
cheers,0
kippis,0
woman,0
child,0
wizard,0
velho,0
handsome,0
komea,0
always,0
finland,0
suomi,0
sauna,0
kantele,0
soitin,0
girl,0
ihminen,0
friend,0
suomalainen,0
sisukas,0
honest,0
rehellinen,0
herra,0
rouva,0
bunny,0
pupu,0
parakeet,0
undulaatti,0
pony,0
poni,0
snake,0
behaved,0
kiltti,0
naughty,0
tuhma,0
black,0
green,0
iceland,0
islanti,0
estonia,0
viro,0
norway,0
norja,0
sweden,0
ruotsi,0
denmark,0
tanska,0
russia,0
kaupunki,0
laulu,0
shaman,0
shamaani,0
viking,0
viikinki,0
auto,0
cold,0
pohjoinen,0
saamelainen,0
islantilainen,0
virolainen,0
norjalainen,0
tanskalainen,0
ruotsalainen,0
lemmikki,0
mother,0
father,0
grandma,0
mummo,0
grandpa,0
vaari,0
baby,0
vauva,0
teddy,0
nalle,0
family,0
onnellinen,0
iloinen,0
surullinen,0
young,0
olette,0
laulaa,0
kasvaa,0
seisoa,0
istua,0
tanssia,0
often,0
usein,0
seldom,0
harvoin,0
married,0
naimisissa,0
together,0
koti,0
apartment,0
asunto,0
kellari,0
veranta,0
yard,0
radio,0
large,0
suuri,0
warm,0
ready,0
kieli,0
sana,0
sentence,0
lause,0
kysymys,0
answer,0
vastaus,0
accent,0
aksentti,0
dialect,0
murre,0
ranska,0
espanja,0
japani,0
englanti,0
kiina,0
saksa,0
unkari,0
korea,0
important,0
asian,0
aasialainen,0
thirst,0
hunger,0
potato,0
peruna,0
tomato,0
tomaatti,0
apple,0
onion,0
sipuli,0
lemon,0
sitruuna,0
sausage,0
makkara,0
pihvi,0
kastike,0
spice,0
mauste,0
salt,0
suola,0
pepper,0
pippuri,0
ketchup,0
ketsuppi,0
mustard,0
sinappi,0
glass,0
lasi,0
plate,0
fork,0
haarukka,0
knife,0
grilli,0
round,0
yellow,0
keltainen,0
building,0
rakennus,0
museum,0
museo,0
monument,0
monumentti,0
theater,0
stadium,0
stadion,0
church,0
kirkko,0
castle,0
linna,0
park,0
bridge,0
silta,0
oopperatalo,0
tori,0
kartta,0
outo,0
open,0
auki,0
closed,0
kiinni,0
liian,0
kallista,0
again,0
tuolla,0
juice,0
mehu,0
milk,0
cheese,0
juusto,0
limonadi,0
meat,0
liha,0
pullo,0
loppu,0
litra,0
kilo,0
gram,0
kotona,0
makea,0
oranssi,0
tarpeeksi,0
tourist,0
turisti,0
musician,0
muusikko,0
professor,0
professori,0
african,0
afrikkalainen,0
ahkera,0
fluent,0
sujuva,0
intelligent,0
puhua,0
moni,0
only,0
chair,0
tuoli,0
lattia,0
lamp,0
lamppu,0
taulu,0
katto,0
sweat,0
hiki,0
cheap,0
halpa,0
messy,0
sotkuinen,0
siisti,0
broken,0
rikki,0
maalata,0
korjata,0
siivota,0
tiskata,0
grillata,0
tajuta,0
because,0
tango,0
dancer,0
tanssija,0
singer,0
laulaja,0
kanadalainen,0
amerikkalainen,0
serious,0
vakava,0
wise,0
viisas,0
lahjakas,0
kirjoittaa,0
ratsastaa,0
both,0
sekä,0
tosi,0
quietly,0
hiljaa,0
sugar,0
sokeri,0
kerma,0
milkshake,0
kakku,0
pala,0
kuppi,0
soft,0
dark,0
tumma,0
drinkable,0
juotava,0
edible,0
juoda,0
haluta,0
bird,0
lintu,0
bear,0
karhu,0
hedgehog,0
siili,0
squirrel,0
orava,0
dirty,0
likainen,0
heavy,0
painava,0
brown,0
murista,0
puraista,0
potkaista,0
haista,0
juosta,0
those,0
pulassa,0
spain,0
germany,0
hungary,0
france,0
italy,0
italia,0
switzerland,0
sveitsi,0
poland,0
puola,0
oslo,0
tallinn,0
tallinna,0
berliini,0
paris,0
pariisi,0
london,0
lontoo,0
rome,0
rooma,0
prague,0
praha,0
aika,0
asua,0
nowadays,0
pentu,0
hamster,0
hamsteri,0
hevonen,0
sika,0
wild,0
villi,0
perfect,0
friendly,0
angry,0
vihainen,0
fluffy,0
omistaa,0
montako,0
canada,0
kanada,0
japan,0
argentina,0
argentiina,0
skandinavia,0
australian,0
australialainen,0
vaikka,0
australia,0
egypt,0
egypti,0
koala,0
kangaroo,0
kenguru,0
camel,0
kameli,0
crocodile,0
krokotiili,0
wolwerine,0
ahma,0
lynx,0
ilves,0
reindeer,0
poro,0
tree,0
forest,0
plant,0
kasvi,0
berry,0
marja,0
flower,0
kukka,0
puro,0
lake,0
kivi,0
piilo,0
grey,0
harmaa,0
myrkyllinen,0
koko,0
haistella,0
darling,0
kulta,0
girlfriend,0
boyfriend,0
groom,0
sulhanen,0
bride,0
morsian,0
wife,0
vaimo,0
husband,0
hymy,0
heart,0
rakastaa,0
halata,0
ihailla,0
everyone,0
leivos,0
piirakka,0
korvapuusti,0
viineri,0
munkki,0
quark,0
rahka,0
kissel,0
kiisseli,0
kinusk,0
kinuski,0
candy,0
karkki,0
chocolate,0
suklaa,0
licorice,0
lakritsi,0
salmiakki,0
hillo,0
butter,0
banana,0
banaani,0
herkku,0
money,0
strong,0
vahva,0
herkullinen,0
suolainen,0
ostaa,0
sulaa,0
paljonko,0
ilta,0
kiire,0
late,0
tired,0
eleven,0
yksitoista,0
twelve,0
kaksitoista,0
half,0
puoli,0
tasan,0
almost,0
sieni,0
spruce,0
pearl,0
helmi,0
leaf,0
lehti,0
wolf,0
susi,0
moose,0
hirvi,0
meri,0
river,0
joki,0
snow,0
taivas,0
tammi,0
moon,0
blood,0
veri,0
raspberry,0
vadelma,0
cloud,0
star,0
onni,0
rauha,0
dangerous,0
vaarallinen,0
safe,0
turvallinen,0
tyyni,0
nbsp,0
kirkas,0
high,0
korkea,0
rauhassa,0
forenoon,0
huomen,0
eine,0
zusammensetzung,0
genitiv,0
jatko,0
fortsetzung,0
fortsetzen,0
viel,0
tages,0
übertragenen,0
sinn,0
jemandem,0
einen,0
angenehmen,0
wünschen,0
ähnlich,0
schönen,0
noch,0
deutschen,0
freundliche,0
verabschiedungsformel,0
nachmittag,0
gegen,0
ende,0
eines,0
gesprächs,0
einer,0
begegnung,0
careful,0
varovainen,0
varma,0
closest,0
varoa,0
kuulua,0
etwas,0
irgenwas,0
nichts,0
nicht,0
irgendwas,0
soon,0
later,0
apua,0
charger,0
laturi,0
tablet,0
tabletti,0
camera,0
kamera,0
battery,0
akku,0
microphone,0
mikrofoni,0
pistoke,0
printer,0
tulostin,0
sovellus,0
netti,0
meemi,0
video,0
peli,0
princess,0
prinsessa,0
slow,0
hidas,0
nopea,0
toimia,0
edes,0
restaurant,0
ravintola,0
terrace,0
terassi,0
waiter,0
tarjoilija,0
chef,0
menu,0
ruokalista,0
lunch,0
lounas,0
dinner,0
lasku,0
virhe,0
annos,0
spoon,0
lusikka,0
rice,0
riisi,0
pasta,0
pizza,0
pitsa,0
soup,0
appelsiini,0
vessa,0
expensive,0
kallis,0
local,0
paikallinen,0
inhabitant,0
asukas,0
street,0
katu,0
university,0
yliopisto,0
keskusta,0
metro,0
politan,0
hotel,0
ruuhka,0
history,0
historia,0
chemistry,0
kemia,0
movie,0
series,0
sarja,0
quarantine,0
karanteeni,0
opiskella,0
span,0
style,0
background,0
tbody,0
million,0
miljoona,0
somewhere,0
jossain,0
shirt,0
lasit,0
pants,0
belt,0
kravatti,0
hattu,0
dress,0
mekko,0
shoe,0
koru,0
ring,0
sormus,0
diamond,0
timantti,0
fashion,0
muoti,0
sale,0
sovituskoppi,0
euro,0
purple,0
violetti,0
multi,0
colored,0
kirjava,0
sovittaa,0
auttaa,0
sata,0
kaksisataa,0
kolmesataa,0
viisisataa,0
kuusisataa,0
mouse,0
hiiri,0
island,0
saari,0
road,0
toivoa,0
toivon,0
huomata,0
seurata,0
alas,0
lippu,0
towel,0
pyyhe,0
passport,0
passi,0
sandal,0
sandaali,0
suksi,0
sauva,0
thermos,0
termari,0
comb,0
kampa,0
soap,0
saippua,0
deodorant,0
deodorantti,0
vesipullo,0
headphones,0
kuulokkeet,0
varjo,0
sijaita,0
tarvita,0
paistaa,0
jalkapallo,0
basketball,0
koripallo,0
nestball,0
cross,0
hiihto,0
ralli,0
sport,0
urheilu,0
urheilija,0
poker,0
pokeri,0
karaoke,0
guitar,0
piano,0
ballet,0
baletti,0
ooppera,0
musiikki,0
biisi,0
matkailu,0
shark,0
penguin,0
pingviini,0
huuhkaja,0
lion,0
leijona,0
ajaa,0
neuloa,0
condition,0
kunto,0
matti,0
yhteen,0
kirjani,0
teuer,0
osata,0
kuuluu,0
juoksen,0
juokset,0
juoksemme,0
juoksette,0
juoksevat,0
these,0
kahta,0
kahdessa,0
kolmea,0
kolmen,0
kolmessa,0
kolmeen,0
neljän,0
neljässä,0
neljään,0
viittä,0
viiden,0
viidessä,0
viiteen,0
kuutta,0
kuuden,0
kuudessa,0
kuuteen,0
seitsemää,0
seitsemässä,0
seitsemään,0
kahdeksaa,0
kahdeksaan,0
yhdeksää,0
yhdeksään,0
kymmentä,0
kymmeneen,0
zumindest,0
vaan,0
sondern,0
opiskelija,0
kuulla,0
karjalanpiirakka,0
deep,0
hoher,0
baum,0
muutama,0
laptop,0
suosittu,0
popular,0
mindestens,0
suositella,0
empty,0
jotka,0
lukenut,0
hyllyllä,0
luulla,0
lompakko,0
wallet,0
uikkarit,0
swimwear,0
toinen,0
viulu,0
violin,0
kuoro,0
choir,0
svengata,0
nach,0
weise,0
verfahren,0
fragen,0
welche,0
welches,0
gemacht,0
benutzt,0
informationen,0
über,0
methoden,0
prozesse,0
zustände,0
bedingungen,0
erfragen,0
beispiele,0
geht,0
toimii,0
funktioniert,0
matkustat,0
töihin,0
kommst,0
sairaala,0
hospital,0
sairaanhoitaja,0
espanjalainen,0
konsertti,0
concert,0
veli,0
brother,0
pankki,0
bank,0
parents,0
keskiviikkoisin,0
tanssi,0
lesson,0
everyday,0
workmate,0
workplace,0
tauko,0
break,0
kahvihuone,0
breakroom,0
worker,0
joukkue,0
team,0
harjoitella,0
tavallinen,0
normal,0
typical,0
aamiainen,0
breakfast,0
lopettaa,0
treenata,0
suihku,0
lautapeli,0
boardgame,0
monelta,0
tilata,0
tuoda,0
mitbringen,0
kasvis,0
vegetable,0
kinkku,0
kotiinkuljetus,0
summer,0
nukkua,0
uutiset,0
news,0
lohi,0
salmon,0
mansikka,0
strawberry,0
ranta,0
beach,0
hiekka,0
sand,0
jutella,0
valkoviini,0
cabin,0
hakea,0
town,0
jatkaa,0
puolipilvinen,0
korttipeli,0
valoisa,0
poimia,0
mustikka,0
blueberry,0
kalastaa,0
rauhallista,0
peaceful,0
pinaattipiirakka,0
herne,0
lautta,0
ferry,0
passive,0
suunnitelma,0
plan,0
“dauern”,0
“andauern”,0
“aushalten”,0
lange,0
dauert,0
ulkomaalainen,0
foreign,0
juhannus,0
kutsua,0
tarjous,0
ausdruck,0
zweibettzimmer,0
doppelzimmer,0
dieser,0
setzt,0
mehreren,0
zusammen,0
henki,0
zimmer,0
zusammengefasst,0
personen,0
ausgelegt,0
typischerweise,0
betten,0
einem,0
doppelbett,0
gängige,0
bezeichnung,0
hotels,0
unterkünften,0
kirjautua,0
parkkipaikka,0
ilmainen,0
perinteinen,0
group,0
tila,0
naposteltava,0
snack,0
uimapuku,0
swimsuit,0
toivottavasti,0
hopefully,0
sipsi,0
chip,0
poppari,0
popcorn,0
leipoa,0
kyyti,0
fahrt,0
juhannusaatto,0
kantaa,0
tragen,0
saapua,0
kokko,0
bonfire,0
valmistaa,0
taika,0
magic,0
laskea,0
completely,0
parveke,0
balcony,0
osallistua,0
retki,0
trip,0
osallistuja,0
participant,0
opas,0
guide,0
uima,0
allas,0
pool,0
taidegalleria,0
taide,0
kulttuuri,0
culture,0
tavata,0
pineapple,0
ananas,0
valita,0
pier,0
laituri,0
harbour,0
satama,0
varata,0
passenger,0
popcom,0
päähenkilö,0
protagonist,0
työmahdollisuus,0
opportunity,0
firstly,0
must,0
neuvo,0
advice,0
alue,0
area,0
luonto,0
nature,0
liikkua,0
move,0
vuokra,0
rental,0
linkki,0
links,0
sosiaalinen,0
media,0
social,0
yksiö,0
studio,0
kaksio,0
viestiä,0
send,0
message,0
moti,0
dictionaries,0
lang,0
controlled,0
outdoor,0
signal,0
celebrate,0
saisi,0
third,0
potential,0
present,0
form,0
conditional,0
connegative,0
transitive,0
receive,0
code,0
verbtyp,0
kirjoitt,0
ymmärt,0
stamm,0
bilden,0
letzter,0
buchstabe,0
entfernen,0
schwach,0
bleibt,0
stark,0
beispiel,0
suffix,0
hinzufügen,0
ausser,0
dann,0
ette,0
evät,0
halu,0
remove,0
letter,0
wenn,0
schon,0
tarv,0
zuhinterst,0
tarvit,0
semme,0
sette,0
sevat,0
paeta,0
nemme,0
nette,0
nevat,0
ninety,0
thousand,0
viisituhatta,0
number,0
things,0
degrees,0
pages,0
costs,0
dollars,0
hundred,0
forty,0
minutes,0
equals,0
hours,0
interesting,0
intriguing,0
fascinating,0
used,0
computer,0
busy,0
hairstyle,0
looking,0
doesn,0
receives,0
begin,0
aktiv,0
modifying,0
mass,0
partitiv,0
boys,0
ongoing,0
partitivi,0
spilled,0
painter,0
seen,0
partitiivi,0
haven,0
negative,0
skirt,0
possession,0
genitiivi,0
knocked,0
object,0
action,0
painted,0
affects,0
entire,0
punai,0
translative,0
uude,0
onne,0
paika,0
lucky,0
reading,0
bigger,0
comperative,0
accusative,0
vasemma,0
first,0
turn,0
left,0
then,0
satz,0
biegen,0
zuerst,0
rechts,0
hier,0
bedeutung,0
einzelnen,0
wörter,0
imperativ,0
kääntyä,0
abbiegen,0
allativ,0
vasen,0
wegbeschreibungen,0
richtung,0
weisen,0
crossing,0
side,0
straight,0
stars,0
himmel,0
sind,0
sterne,0
sehen,0
adessiv,0
werden,0
gesehen,0
passiv,0
stern,0
dass,0
sichtbar,0
arrives,0
comes,0
goes,0
into,0
kaapi,0
cabinet,0
kaappi,0
coming,0
going,0
järve,0
likes,0
angled,0
indicative,0
onkia,0
angle,0
using,0
line,0
threw,0
does,0
wohin,0
führt,0
diese,0
straße,0
präsens,0
viedä,0
führen,0
kulma,0
corner,0
liikennevaloi,0
vasem,0
malle,0
lights,0
liikenne,0
“traffic”,0
valo,0
“light”,0
ahead,0
towards,0
pohjoise,0
länte,0
kilometers,0
west,0
east,0
pöydä,0
marketplace,0
ranna,0
shore,0
took,0
vater,0
nahm,0
stein,0
strand,0
präteritum,0
nehmen,0
elativ,0
akkusativ,0
beschreibt,0
handlung,0
aufhebt,0
mitnimmt,0
warf,0
zurück,0
heittää,0
werfen,0
aktion,0
vermutlich,0
zuvor,0
aufgehoben,0
hatte,0
wirft,0
kadu,0
platform,0
will,0
leave,0
welchem,0
bahnsteig,0
fährt,0
interrogativ,0
short,0
asemalaituri,0
platform”,0
lähteä,0
abfahren,0
bussipysäki,0
verbs,0
structures,0
monopersonally,0
täytyä,0
participle,0
require,0
translated,0
weit,0
dorthin,0
frageform,0
reise,0
ruokakaupa,0
kohda,0
grocery,0
store,0
biege,0
stelle,0
lebensmittelgeschäfts,0
lebensmittelgeschäft,0
ablativ,0
punkt,0
mannerheimintie,0
arkadiankadu,0
arkadiankatu,0
nächsten,0
kreuzung,0
geradeaus,0
nächster,0
adverb,0
anweisungen,0
sagen,0
bestimmten,0
gelangen,0
kann,0
bist,0
tytär,0
possessive,0
suffixes,0
tyttäreni,0
tyttäresi,0
tyttärensä,0
tyttäremme,0
tyttärenne,0
possessiv,0
your,0
their,0
sveitsin,0
keski,0
zentralschweiz,0
prefix,0
meaning,0
central,0
means,0
part,0
section,0
locative,0
case,0
ending,0
corresponds,0
prepositions,0
keskiosassa,0
visible,0
padding,0
border,0
bottom,0
solid,0
bebebe,0
margin,0
värikynä,0
details,0
summary,0
buntstift,0
farbstift,0
zusammengesetzt,0
farbe,0
kynä,0
stift,0
heißt,0
stifte,0
unterschiedlichen,0
farben,0
zeichnen,0
malen,0
kaapissaan,0
seinem,0
ihrem,0
schrank,0
inessiv,0
gibt,0
possessivsuffix,0
dritte,0
grundform,0
angehängt,0
suffixen,0
weist,0
angibt,0
zeigt,0
besitz,0
fall,0
zusammengefügt,0
ergibt,0
sinisessä,0
piirakassa,0
pear,0
minussa,0
vikaa,0
“vikaa”,0
“falsch”,0
“fehler”,0
“vika”,0
fehler,0
heinäkuussa,0
poimin,0
mustikoita,0
blueberries,0
lääkärin,0
loitolla,0
keeps,0
syömässä,0
eating,0
just,0
gerade,0
essen,0
genau,0
progressivform,0
auszudrücken,0
sprechens,0
prozess,0
essens,0
befindet,0
menossa,0
homeessa,0
mouldy,0
ville,0
humalassa,0
certainly,0
would,0
thanks,0
could,0
please,0
course,0
i’ll,0
sleepy,0
report,0
tonight,0
translativ,0
each,0
kupillinen,0
derivative,0
cupful,0
loosely,0
indicates,0
without,0
coffees,0
makes,0
healthiness,0
exported,0
countries,0
example,0
asia,0
heidelbeeren,0
explanation,0
indicate,0
uncountable,0
nouns,0
taken,0
tense,0
genommen,0
exportiert,0
export,0
indicating,0
done,0
unspecified,0
subject,0
wegen,0
ihrer,0
gesundheit,0
combined,0
cause,0
translates,0
referring,0
terveellisyys,0
after,0
reason,0
vielen,0
movement,0
länder,0
among,0
unter,0
anderem,0
phrase,0
others,0
anderen,0
continues,0
asien,0
aasia,0
viele,0
wants,0
enjoying,0
lawyer,0
asianajaja,0
direction,0
equivalent,0
additional,0
thin,0
kaffee,0
express,0
liking,0
schwarz,0
essive,0
describe,0
state,0
went,0
dentist,0
letzte,0
woche,0
auch,0
zahnarzt,0
gegangen,0
ging,0
gehen,0
hammaslääkäri,0
wörtlich,0
letzten,0
drückt,0
vergangenen,0
zahnarztbesuch,0
betont,0
dies,0
zusätzliche,0
ergänzende,0
“olen,0
väsynyt”,0
“vielä,0
hiukan”,0
“noch,0
wenig”,0
mornings,0
“aamu,0
isin”,0
adverbielle,0
häufigkeit,0
regelmäßigkeit,0
morgen,0
command,0
lovely,0
smelling,0
homemade,0
möchte,0
jenen,0
wunderbar,0
duftenden,0
hausgemachten,0
finnischen,0
blaubeerkuchen,0
probieren,0
basic,0
jenes,0
refer,0
wonderful,0
wunderbare,0
ihana,0
matching,0
fragrant,0
duftende,0
tuoksuva,0
hausgemachte,0
kotitekoinen,0
mustikkapiirakka,0
perhettä,0
miestä,0
säde,0
sädettä,0
pears,0
smaller,0
than,0
ones,0
piene,0
kleiner,0
ulkomainen,0
auslädisch,0
auslädische,0
drinks,0
bottles,0
takes,0
pills,0
before,0
finns,0
nation,0
nehme,0
jedes,0
wortes,0
halte,0
mögen,0
halten,0
davon,0
dieses,0
deshalb,0
most,0
single,0
homes,0
garden,0
useimmat,0
meisten,0
mehrheit,0
gruppe,0
dingen,0
beziehen,0
ihmisten,0
mielestä,0
leute,0
fanden,0
film,0
meinung,0
menschen,0
several,0
days,0
solely,0
konnte,0
especially,0
gravlax,0
wait,0
forget,0
vergiss,0
telefon,0
pukea,0
clothes,0
someone,0
invoice,0
kannst,0
deine,0
rechnung,0
paar,0
tage,0
länger,0
warten,0
zweite,0
können,0
zusätzlich,0
kontext,0
wenig,0
mehr,0
geduld,0
zeit,0
gebeten,0
bevor,0
bezahlt,0
beglichen,0
hate,0
waiting,0
hasse,0
stundenlang,0
dich,0
vihata,0
hassen,0
dein,0
odottaminen,0
possessiven,0
kombiniert,0
stunde,0
kausia,0
dauer,0
anzeigt,0
bringt,0
frustration,0
unzufriedenheit,0
weil,0
muss,0
gave,0
coins,0
making,0
telephone,0
internet,0
protocol,0
forgets,0
party,0
weiß,0
willst,0
komme,0
wissen,0
kombination,0
wollen,0
kommen,0
feiern,0
illativ,0
juhla,0
feier,0
traveler,0
waited,0
gives,0
cordless,0
post,0
translativform,0
tuleva,0
kommend,0
zukünftig,0
sprache,0
wandel,0
veränderung,0
zustand,0
beschaffenheit,0
übergang,0
zukünftigen,0
kommenden,0
valmistaudun,0
viikoksi,0
bereite,0
mich,0
kommende,0
possible,0
würde,0
gerne,0
wieder,0
möglich,0
konditional,0
abgeleitet,0
mieli,0
geist,0
erste,0
erneut,0
mahdollinen,0
wunsch,0
absicht,0
bedingung,0
zurückzukehren,0
wiederzukommen,0
komm,0
hierher,0
sublative,0
“this”,0
umbrella,0
warte,0
kurz,0
jemanden,0
bitten,0
kurze,0
hobbies,0
floorball,0
übrigens,0
liest,0
immer,0
buch,0
übrigen,0
fragepartikel,0
lukema,0
lesen,0
zweiten,0
konversation,0
fortschritt,0
begonnenen,0
tätigkeit,0
lesens,0
buches,0
finished,0
nein,0
habe,0
bereits,0
gelesen,0
verneinte,0
situation,0
jemand,0
bestätigt,0
beispielsweise,0
artikel,0
nachricht,0
string,0
“kielinen”,0
“saitig”,0
“kieli”,0
“saite”,0
“zunge”,0
eats,0
textbook,0
“tiedätkö,0
muuten”,0
“weißt,0
“muuten”,0
“übrigens”,0
“sonst”,0
“mitä,0
‘koti’,0
“was,0
“tämä,0
ongelmia,0
“das,0
probleme,0
swimming,0
innessive,0
sender’s,0
stated,0
package,0
formal,0
very,0
musicians,0
plays,0
electronic,0
brisk,0
temporeicher,0
bezeichnet,0
unihockey,0
mannschaftssportart,0
gespielt,0
aber,0
regel,0
halle,0
leichteren,0
schlägern,0
bällen,0
temporeich,0
schnell,0
sportart,0
schnelles,0
tempo,0
ihre,0
dynamik,0
bekannt,0
kilometer,0
reads,0
newspaper,0
zeitung,0
blatt,0
morgens,0
tennis,0
“liisa,0
spielt,0
hobby”,0
quot,0
finlandia,0
quit,0
“lopetan,0
“ich,0
höre,0
fußball,0
“lopetan”,0
auf”,0
beende”,0
“lopettaa”,0
aufhören,0
beenden,0
“jalkapallon”,0
“den,0
fußball”,0
“jalkapallo”,0
weather,0
forecast,0
rain,0
kaivata,0
parade,0
bulletin,0
horrible,0
shame,0
raining,0
falling,0
pudota,0
said,0
might,0
weekend,0
follows,0
gestriges,0
modify,0
prognose,0
typically,0
sagte,0
introduce,0
clause,0
similar,0
könnten,0
saattaa,0
possibility,0
bekommen,0
erhalten,0
schnee,0
indefinite,0
amount,0
specific,0
current,0
wochenende,0
gestrige,0
“kaivata”,0
miss”,0
looks,0
sieht,0
regnen,0
deinen,0
regenschirm,0
übersetzung,0
erklärung,0
scheint,0
jener,0
regnet,0
verneinungsform,0
vergessen,0
typische,0
aussage,0
wetter,0
daraus,0
resultierende,0
empfehlung,0
mitzunehmen,0
school,0
derived,0
inquire,0
schule,0
koulu,0
possibly,0
concept,0
schools,0
general,0
proper,0
remains,0
across,0
languages,0
attends,0
besucht,0
attend,0
context,0
extraordinarily,0
fine,0
change,0
muuttua,0
weather’s,0
watching,0
it’s,0
“nähdään,0
“see,0
rained,0
period,0
gestern,0
directly,0
previous,0
geregnet,0
quantity,0
intensity,0
kurzen,0
lyhyt,0
show,0
relation,0
zeitraum,0
ajanjakso,0
during,0
während,0
duration,0
timeframe,0
happens,0
zeitraums,0
doesn’t,0
promise,0
refers,0
prediction,0
negate,0
statements,0
negates,0
verspricht,0
metaphorically,0
predicts,0
suggests,0
gutes,0
incomplete,0
predicting,0
unfavorable,0
conditions,0
necessary,0
autumn,0
compound,0
made,0
literally,0
rainshade,0
herbst,0
needed,0
notwendig,0
erforderlich,0
pers,0
helsinki,0
polish,0
cousin,0
sunny,0
vermissen,0
sehnen,0
whereabouts,0
partikulares,0
bestätigung,0
realisierung,0
manchmal,0
leichte,0
überraschung,0
keine,0
direkte,0
entsprechung,0
cupboard,0
closet,0
astian,0
drying,0
since,0
favorite,0
wear,0
lieblingsfarbe,0
blau,0
trug,0
meistens,0
blaue,0
kleidung,0
einleitendes,0
grund,0
ursache,0
possessivpronomen,0
dritten,0
lempiväri,0
größten,0
getragen,0
aufgrund,0
vorliebe,0
häufig,0
trägt,0
appliances,0
cabinets,0
nominativ,0
hyllykkö,0
kleines,0
regal,0
mehrere,0
kleine,0
regale,0
verkleinerungsform,0
hylly,0
kleinere,0
weniger,0
umfangreiche,0
tidying,0
“siistiä”,0
infinitivform,0
known,0
kenne,0
verbindung,0
perfekt,0
gewusst,0
partizip,0
kennen,0
zeitdauer,0
betreffende,0
kennt,0
sets,0
behind,0
ocean,0
boss,0
cleaned,0
cooked,0
president,0
kaupa,0
geschäft,0
suome,0
finnland,0
inside,0
location,0
dative,0
standardfall,0
frage,0
woher,0
idea,0
source,0
mihin,0
kauppa,0
depending,0
womit,0
asema,0
bahnhof,0
kioski,0
kiosk,0
surface,0
akin,0
station,0
poliisiasema,0
kenttä,0
feld,0
urheilukenttä,0
sportplatz,0
leikkikenttä,0
spielplatz,0
markt,0
pysäkki,0
haltestelle,0
kaupp,0
koul,0
suom,0
along,0
begleitung,0
teilnahme,0
übereinstimmung,0
befolgen,0
regeln,0
nimm,0
gehe,0
tehdään,0
machen,0
entsprechend,0
danach,0
pleasure,0
jokin,0
gleichen,0
kirjasto,0
library,0
thought,0
gedanke,0
videovuokraamo,0
movies,0
konditionalform,0
schauen,0
ansehen,0
ausgedrückt,0
bedingte,0
ersten,0
olisi,0
anschauen,0
hätte,0
features,0
mailbox,0
konditionale,0
bringen,0
übersetzt,0
würdest,0
könntest,0
postiin,0
diesen,0
brief,0
desks,0
koiramäki,0
doghill,0
that’s,0
brilliant,0
großartige,0
idee,0
partikel,0
verstärkt,0
großartig,0
brillant,0
insgesamt,0
begeisterung,0
zustimmung,0
vorschlag,0
books,0
dvds,0
studying,0
students,0
studied,0
schüler,0
gymnasiums,0
lernten,0
bibliothek,0
lukio,0
gymnasium,0
oppilas,0
studierten,0
lernen,0
studieren,0
gelernt,0
studiert,0
haben,0
there’s,0
selection,0
substantiv,0
auswahl,0
sortiment,0
bestandteile,0
wählen,0
koima,0
bildet,0
substantive,0
select,0
elect,0
vali,0
koida,0
valikoi,0
shall,0
drop,0
pour,0
stockpot,0
kattila,0
fridge,0
upstairs,0
improves,0
kontextabhängig,0
verbessern,0
infinitiv,0
kuchen,0
geschmack,0
maku,0
abhängig,0
kuchens,0
verbessert,0
fewer,0
bacteria,0
bottled,0
finnischem,0
leitungswasser,0
bakterien,0
geben,0
flaschenwasser,0
finnisch,0
vesijohtovesi,0
vesijohto,0
“water,0
pipe”,0
“water”,0
comparative,0
degree,0
bakteeri,0
bakterium,0
flaschen,0
pullotettu,0
abgefüllt,0
wasser,0
potenziell,0
geringere,0
anzahl,0
enthalten,0
verkauft,0
hostess,0
serving,0
mutter,0
frau,0
weibliche,0
https,0
wiktionary,0
wiki,0
a4nt,0
gießen,0
kippen,0
umwerfen,0
unbestimmte,0
menge,0
abgeschlossene,0
tasche,0
zerlegung,0
laukku,0
heraus,0
vest,0
button,0
missing,0
mantel,0
fehlt,0
knopf,0
puuttua,0
fehlen,0
abgegangen,0
fell,0
romance,0
better,0
comedy,0
prefer,0
hervorragend,0
scarf,0
best,0
“hänelle”,0
“für,0
ihn”,0
sie”,0
“kelpaa”,0
“genügt”,0
“ist,0
genug”,0
sufficiency,0
acceptability,0
“vain”,0
“nur”,0
“only”,0
“paras”,0
beste”,0
superlative,0
“gut”,0
“the,0
best”,0
strawberries,0
puppies,0
didn’t,0
anything,0
tell,0
somebody,0
sneezes,0
bless,0
saying,0
everything,0
candies,0
remote,0
control,0
pussi,0
sachet,0
younger,0
generations,0
lyödä,0
schlagen,0
wetten,0
veto,0
wette,0
konjunktion,0
nuorempi,0
jünger,0
mmat,0
komparativ,0
sukupolvi,0
generation,0
verneinung,0
fragewort,0
abkürzung,0
digital,0
versatile,0
disc,0
rent,0
kauko,0
ohjain,0
ohjaimen,0
pass,0
match,0
curtains,0
demonstrativpronomen,0
negationspartikel,0
„sopia“,0
passen,0
entsprechen,0
verho,0
vorhang,0
passt,0
vorhänge,0
hole,0
chairs,0
vase,0
understand,0
daytime,0
sitting,0
seeds,0
mixed,0
breed,0
suloinen,0
akvaariokala,0
aquarium,0
hair,0
feed,0
animals,0
shaggy,0
running,0
ball,0
takku,0
knoten,0
verfilzung,0
inen,0
adjektivendung,0
hund,0
laufen,0
rennen,0
pallo,0
hinterher,0
dahinter,0
verfilzter,0
läuft,0
hinter,0
sister,0
gray,0
cards,0
alligators,0
village,0
lots,0
cousins,0
brothers,0
sisters,0
aussehend,0
adjektiv,0
näkö,0
somewhat,0
eyes,0
hius,0
twenty,0
cyclops,0
mexico,0
petri,0
drops,0
hankkia,0
besorgen,0
erwerben,0
dativ,0
silmätipat,0
augentropfen,0
kotimatka,0
heimweg,0
gesamtbedeutung,0
besorge,0
deinem,0
bowl,0
suits,0
compounds,0
pertaining,0
wears,0
blond,0
trousers,0
mugs,0
fetch,0
kids,0
spider,0
legs,0
bought,0
jumpers,0
wollpullover,0
villapusero,0
villa,0
wolle,0
pusero,0
pullover,0
objekt,0
siblings,0
lokalkasus,0
mein,0
meinem,0
sisar,0
schwester,0
usta,0
schwestern,0
geschwister,0
times,0
sentences,0
stores,0
barks,0
been,0
christmas,0
sending,0
girls,0
plane,0
lento,0
flug,0
kone,0
maschine,0
flugzeug,0
abfliegen,0
fliegt,0
uhrzeit,0
neun,0
months,0
thirty,0
dogs,0
corners,0
lane,0
motorway,0
vierspurig,0
vier,0
kaista,0
spur,0
fahrstreifen,0
eigenschaft,0
autobahn,0
moottori,0
motor,0
vierspurige,0
address,0
karte,0
adresse,0
karten,0
dwarves,0
apples,0
istä,0
sechs,0
apfel,0
torte,0
mache,0
äpfeln,0
percent,0
candle,0
window,0
matches,0
candles,0
shows,0
kerzen,0
kerze,0
iden,0
itten,0
luku,0
määrä,0
obenauf,0
jahren,0
jahr,0
jahre,0
getting,0
beginnt,0
kalt,0
möglichkeit,0
voisi,0
könnte,0
höflich,0
schließen,0
fenster,0
danke,0
bitte,0
independence,0
accidentally,0
stocking,0
truly,0
lawn,0
woods,0
pirjo’s,0
kept,0
hoitaa,0
gepflegt,0
behandelt,0
grammatik,0
hoita,0
pflegen,0
behandeln,0
kennzeichnung,0
indoors,0
mütze,0
kopf,0
sisä,0
innen,0
präfix,0
hands,0
pours,0
dripping,0
sends,0
friends,0
bored,0
boring,0
dull,0
filme,0
kino,0
freunden,0
kaveri,0
freund,0
zugehörigkeit,0
inch,0
flat,0
screen,0
kaufte,0
kaufen,0
soeben,0
zoll,0
größenangabe,0
tuumainen,0
tuumi,0
flachen,0
flach,0
fernsehbildschirm,0
fernsehen,0
näyttö,0
bildschirm,0
living,0
flacher,0
thirsty,0
having,0
pleasant,0
steht,0
stehen,0
feels,0
knitted,0
sweater,0
packet,0
parcel,0
doing,0
befinden,0
grandmother,0
passes,0
borrows,0
lends,0
permission,0
pyytää,0
fordern,0
herkunft,0
erlaubnis,0
eastern,0
orient,0
a4nsi,0
länsi,0
etel,0
etelä,0
south,0
front,0
outside,0
above,0
underneath,0
